Workbook

Sheet Plan de traitement
A1: ID | B1: Mesure | C1: Catégorie | D1: Priorité | E1: Responsable | F1: Risques traités | G1: Contrôles Annexe A | H1: Échéance | I1: Effort | J1: Coût estimé an 1 (k€) | K1: Statut | L1: Indicateur de suivi
A2: M_01 | B2: Authentification forte des clients | C2: Technical | D2: — | E2: DSI | F2: CA_01, CA_07 | G2: 5.17, 8.5 | H2: En place | I2: — | J2: 0 | K2: Active | L2: Taux de connexions clients avec authentification forte
A3: M_02 | B3: Alertes anti-phishing dans l'appli et campagnes de sensibilisation | C3: Process | D3: P2 | E3: Responsable produit (appli) | F3: CA_01 | G3: 8.26 | H3: 30/06/2027 | I3: M | J3: 15 | K3: To do | L3: Nombre de clients touchés par les campagnes
A4: M_03 | B4: Délai de sécurité de 24h avant le premier virement vers un nouveau bénéficiaire | C4: Technical | D4: P1 | E4: Responsable produit (appli) | F4: CA_01, CA_07 | G4: 8.26 | H4: 31/01/2027 | I4: S | J4: 10 | K4: To do | L4: Montant de fraude évité pendant le délai
A5: M_04 | B5: Détection des connexions inhabituelles | C5: Technical | D5: P1 | E5: RSSI | F5: CA_01 | G5: 8.16 | H5: 31/03/2027 | I5: M | J5: 40 | K5: To do | L5: Nombre d'alertes de connexion traitées
A6: M_05 | B6: Validation par les clients de tout changement de coordonnées | C6: Technical | D6: P2 | E6: Responsable produit (appli) | F6: CA_01 | G6: 8.26 | H6: 30/04/2027 | I6: S | J6: 10 | K6: To do | L6: Changements de coordonnées validés / total
A7: M_06 | B7: Moindre privilège des agents du support | C7: Technical | D7: P1 | E7: Directeur relation client | F7: CA_05 | G7: 5.15, 5.18, 5.34, 8.3, 8.11 | H7: 31/01/2027 | I7: M | J7: 15 | K7: To do | L7: Nombre de droits excessifs retirés
A8: M_07 | B8: Journalisation et revue des actions du support | C8: Technical | D8: P1 | E8: RSSI | F8: CA_05 | G8: 5.28, 5.33, 8.15 | H8: 31/03/2027 | I8: M | J8: 30 | K8: To do | L8: Revues de journaux réalisées / prévues
A9: M_08 | B9: Clauses de sécurité du prestataire de support | C9: Policy | D9: P2 | E9: Achats / Juridique | F9: CA_05 | G9: 5.19, 5.20, 6.6 | H9: 30/06/2027 | I9: S | J9: 5 | K9: To do | L9: Contrat signé avec clauses de sécurité
A10: M_09 | B10: Clauses contractuelles DORA | C10: Policy | D10: P1 | E10: Achats / Juridique | F10: CA_02, CA_04 | G10: 5.14, 5.19, 5.20, 5.21, 5.22, 5.23, 5.31, 8.21, 8.30 | H10: 31/03/2027 | I10: M | J10: 20 | K10: To do | L10: Contrats critiques conformes DORA art. 30 / total
A11: M_10 | B11: Test des mises à jour en préproduction | C11: Process | D11: P2 | E11: DSI | F11: CA_04 | G11: 5.21, 8.19, 8.29, 8.30, 8.31, 8.32, 8.33 | H11: 30/06/2027 | I11: M | J11: 25 | K11: To do | L11: Mises à jour testées avant production / total
A12: M_12 | B12: MFA sur les comptes administrateurs | C12: Technical | D12: P1 | E12: DSI | F12: CA_03, CA_04 | G12: 5.17, 6.7, 8.2, 8.5, 8.18 | H12: 31/01/2027 | I12: M | J12: 20 | K12: To do | L12: Couverture MFA des comptes à privilèges (%)
A13: M_13 | B13: Sauvegardes isolées et immuables | C13: Technical | D13: P1 | E13: DSI | F13: CA_03, CA_04 | G13: 5.29, 5.30, 5.37, 8.13, 8.14 | H13: 31/03/2027 | I13: L | J13: 60 | K13: To do | L13: Taux de réussite des tests de restauration
... A23: M_23 | B23: Journalisation et surveillance des actions privilégiées | C23: Technical | D23: P1 | E23: RSSI | F23: CA_05 | G23: 5.28, 5.33, 8.2, 8.12, 8.15, 8.16, 8.17 | H23: 31/03/2027 | I23: L | J23: 50 | K23: To do | L23: Alertes SOC sur comptes internes traitées
I24: Total | J24: =SUM(J2:J23) -> 805
A26: Hypothèse : les coûts (en bleu) sont des ordres de grandeur fictifs pour une néobanque de taille moyenne, à affiner avec les devis. M_11 non reprise (à compléter). Effort : S = quelques jours, M = quelques semaines, L = plusieurs mois.

Sheet Acceptation risques résiduels
A1: Risque | B1: Scénario | C1: Niveau initial | D1: Stratégie | E1: Niveau résiduel | F1: Propriétaire du risque | G1: Décision | H1: Date | I1: Visa
A2: CA_01 | B2: Cybercriminel, fraude aux paiements – Phishing des clients | C2: High | D2: Réduire | E2: Medium | F2: Directeur des opérations bancaires | G2: Acceptation du risque résiduel
A3: CA_02 | B3: Cybercriminel, fraude aux paiements – Compromission du processeur de paiement | C3: Medium | D3: Transférer | E3: Medium | F3: DSI | G3: Acceptation du risque résiduel
A4: CA_03 | B4: Rançongiciel, extorsion – Phishing des collaborateurs | C4: High | D4: Réduire | E4: Low | F4: DSI | G4: Acceptation du risque résiduel
A5: CA_04 | B5: Rançongiciel, extorsion – Compromission de l'éditeur du core banking | C5: Medium | D5: Réduire | E5: Low | F5: DSI | G5: Acceptation du risque résiduel
A6: CA_05 | B6: Initié malveillant, abus d'accès – Corruption par agent | C6: High | D6: Réduire | E6: Medium | F6: Directeur de la conformité | G6: Acceptation du risque résiduel
A7: CA_06 | B7: Blanchiment, comptes mules – Comptes mules pour blanchiment | C7: High | D7: Réduire | E7: Medium | F7: Directeur de la conformité | G7: Acceptation du risque résiduel
A8: CA_07 | B8: Blanchiment, comptes mules – Mules par le biais de vrais clients | C8: High | D8: Réduire | E8: Medium | F8: Directeur de la conformité | G8: Acceptation du risque résiduel
A10: ISO 27001 clause 6.1.3 f) : les propriétaires des risques approuvent le plan de traitement et acceptent les risques résiduels. Date et visa à compléter lors de la validation en comité.

Sheet Synthèse
A1: Priorité | B1: Nombre de mesures | C1: Coût estimé (k€) | D1: Part du budget
A2: P1 | B2: =COUNTIF('Plan de traitement'!$D$2:$D$23,A2) -> 12 | C2: =SUMIF('Plan de traitement'!$D$2:$D$23,A2,'Plan de traitement'!$J$2:$J$23) -> 575 | D2: =IFERROR(C2/$C$5,0) -> 0.71428571
A3: P2 | B3: =COUNTIF('Plan de traitement'!$D$2:$D$23,A3) -> 8 | C3: =SUMIF('Plan de traitement'!$D$2:$D$23,A3,'Plan de traitement'!$J$2:$J$23) -> 220 | D3: =IFERROR(C3/$C$5,0) -> 0.27329193
A4: P3 | B4: =COUNTIF('Plan de traitement'!$D$2:$D$23,A4) -> 1 | C4: =SUMIF('Plan de traitement'!$D$2:$D$23,A4,'Plan de traitement'!$J$2:$J$23) -> 10 | D4: =IFERROR(C4/$C$5,0) -> 0.01242236
A5: Total | B5: =SUM(B2:B4) -> 21 | C5: =SUM(C2:C4) -> 805 | D5: =SUM(D2:D4) -> 1
A7: Responsable | B7: Nombre de mesures | C7: Coût estimé (k€)
A8: Achats / Juridique | B8: =COUNTIF('Plan de traitement'!$E$2:$E$23,A8) -> 2 | C8: =SUMIF('Plan de traitement'!$E$2:$E$23,A8,'Plan de traitement'!$J$2:$J$23) -> 25
A9: Communication / Conformité | B9: =COUNTIF('Plan de traitement'!$E$2:$E$23,A9) -> 1 | C9: =SUMIF('Plan de traitement'!$E$2:$E$23,A9,'Plan de traitement'!$J$2:$J$23) -> 10
A10: DSI | B10: =COUNTIF('Plan de traitement'!$E$2:$E$23,A10) -> 4 | C10: =SUMIF('Plan de traitement'!$E$2:$E$23,A10,'Plan de traitement'!$J$2:$J$23) -> 105
A11: Directeur de la conformité | B11: =COUNTIF('Plan de traitement'!$E$2:$E$23,A11) -> 3 | C11: =SUMIF('Plan de traitement'!$E$2:$E$23,A11,'Plan de traitement'!$J$2:$J$23) -> 240
A12: Directeur financier | B12: =COUNTIF('Plan de traitement'!$E$2:$E$23,A12) -> 1 | C12: =SUMIF('Plan de traitement'!$E$2:$E$23,A12,'Plan de traitement'!$J$2:$J$23) -> 50
A13: Directeur relation client | B13: =COUNTIF('Plan de traitement'!$E$2:$E$23,A13) -> 1 | C13: =SUMIF('Plan de traitement'!$E$2:$E$23,A13,'Plan de traitement'!$J$2:$J$23) -> 15
A14: RSSI | B14: =COUNTIF('Plan de traitement'!$E$2:$E$23,A14) -> 7 | C14: =SUMIF('Plan de traitement'!$E$2:$E$23,A14,'Plan de traitement'!$J$2:$J$23) -> 325
A15: Responsable produit (appli) | B15: =COUNTIF('Plan de traitement'!$E$2:$E$23,A15) -> 3 | C15: =SUMIF('Plan de traitement'!$E$2:$E$23,A15,'Plan de traitement'!$J$2:$J$23) -> 35
